subject,trial,task,tau_s,grid_seconds,finite_seconds
1,1,onset,1.0,9314,3725
1,1,speech,14.0,9314,9314
1,1,volume,64.0,9314,3725
1,1,delta_volume,1.0,9314,3725
1,1,pitch,1.0,9314,3725
1,1,word_index,1.0,9314,3725
1,1,word_gap,1.0,9314,3333
1,1,gpt2_surprisal,1.0,9314,3725
1,1,word_head_pos,1.0,9314,3725
1,1,word_part_speech,1.0,9314,3725
1,1,word_length,1.0,9314,3725
1,1,global_flow,1.0,9314,3725
1,1,local_flow,2.0,9314,3725
1,1,frame_brightness,18.0,9314,3725
1,1,face_num,3.0,9314,3725
1,2,onset,1.0,7425,2929
1,2,speech,11.0,7425,7425
1,2,volume,17.0,7425,2929
1,2,delta_volume,1.0,7425,2929
1,2,pitch,1.0,7425,2929
1,2,word_index,1.0,7425,2929
1,2,word_gap,1.0,7425,2600
1,2,gpt2_surprisal,1.0,7425,2929
1,2,word_head_pos,1.0,7425,2929
1,2,word_part_speech,1.0,7425,2929
1,2,word_length,1.0,7425,2929
1,2,global_flow,1.0,7425,2929
1,2,local_flow,7.0,7425,2929
1,2,frame_brightness,98.0,7425,2929
1,2,face_num,3.0,7425,2929
2,0,onset,1.0,8035,2410
2,0,speech,19.0,8035,8035
2,0,volume,16.0,8035,2410
2,0,delta_volume,1.0,8035,2410
2,0,pitch,1.0,8035,2410
2,0,word_index,1.0,8035,2410
2,0,word_gap,1.0,8035,2136
2,0,gpt2_surprisal,1.0,8035,2410
2,0,word_head_pos,1.0,8035,2410
2,0,word_part_speech,1.0,8035,2410
2,0,word_length,1.0,8035,2410
2,0,global_flow,3.0,8035,2410
2,0,local_flow,2.0,8035,2410
2,0,frame_brightness,59.0,8035,2410
2,0,face_num,3.0,8035,2410
2,4,onset,1.0,11383,2883
2,4,speech,6.0,11383,11383
2,4,volume,4.0,11383,2883
2,4,delta_volume,1.0,11383,2883
2,4,pitch,1.0,11383,2883
2,4,word_index,1.0,11383,2883
2,4,word_gap,1.0,11383,2521
2,4,gpt2_surprisal,1.0,11383,2883
2,4,word_head_pos,1.0,11383,2883
2,4,word_part_speech,1.0,11383,2883
2,4,word_length,1.0,11383,2883
2,4,global_flow,10.0,11383,2883
2,4,local_flow,2.0,11383,2883
2,4,frame_brightness,58.0,11383,2883
2,4,face_num,3.0,11383,2883
3,0,onset,1.0,6616,3753
3,0,speech,13.0,6616,6616
3,0,volume,20.0,6616,3753
3,0,delta_volume,1.0,6616,3753
3,0,pitch,1.0,6616,3753
3,0,word_index,1.0,6616,3753
3,0,word_gap,1.0,6616,3394
3,0,gpt2_surprisal,1.0,6616,3753
3,0,word_head_pos,1.0,6616,3753
3,0,word_part_speech,1.0,6616,3753
3,0,word_length,1.0,6616,3753
3,0,global_flow,2.0,6616,3753
3,0,local_flow,2.0,6616,3753
3,0,frame_brightness,34.0,6616,3753
3,0,face_num,2.0,6616,3753
3,1,onset,1.0,10086,2991
3,1,speech,6.0,10086,10086
3,1,volume,19.0,10086,2991
3,1,delta_volume,1.0,10086,2991
3,1,pitch,1.0,10086,2991
3,1,word_index,1.0,10086,2991
3,1,word_gap,1.0,10086,2673
3,1,gpt2_surprisal,1.0,10086,2991
3,1,word_head_pos,1.0,10086,2991
3,1,word_part_speech,1.0,10086,2991
3,1,word_length,1.0,10086,2991
3,1,global_flow,4.0,10086,2991
3,1,local_flow,2.0,10086,2991
3,1,frame_brightness,27.0,10086,2991
3,1,face_num,3.0,10086,2991
4,0,onset,1.0,6452,2609
4,0,speech,12.0,6452,6452
4,0,volume,8.0,6452,2609
4,0,delta_volume,1.0,6452,2609
4,0,pitch,1.0,6452,2609
4,0,word_index,1.0,6452,2609
4,0,word_gap,1.0,6452,2278
4,0,gpt2_surprisal,1.0,6452,2609
4,0,word_head_pos,1.0,6452,2609
4,0,word_part_speech,1.0,6452,2609
4,0,word_length,1.0,6452,2609
4,0,global_flow,2.0,6452,2609
4,0,local_flow,2.0,6452,2609
4,0,frame_brightness,91.0,6452,2609
4,0,face_num,2.0,6452,2609
4,1,onset,1.0,6054,3122
4,1,speech,8.0,6054,6054
4,1,volume,6.0,6054,3122
4,1,delta_volume,1.0,6054,3122
4,1,pitch,1.0,6054,3122
4,1,word_index,1.0,6054,3122
4,1,word_gap,1.0,6054,2751
4,1,gpt2_surprisal,1.0,6054,3122
4,1,word_head_pos,1.0,6054,3122
4,1,word_part_speech,1.0,6054,3122
4,1,word_length,1.0,6054,3122
4,1,global_flow,3.0,6054,3122
4,1,local_flow,2.0,6054,3122
4,1,frame_brightness,33.0,6054,3122
4,1,face_num,2.0,6054,3122
7,0,onset,1.0,5989,3760
7,0,speech,6.0,5989,5989
7,0,volume,19.0,5989,3760
7,0,delta_volume,1.0,5989,3760
7,0,pitch,1.0,5989,3760
7,0,word_index,1.0,5989,3760
7,0,word_gap,1.0,5989,3398
7,0,gpt2_surprisal,1.0,5989,3760
7,0,word_head_pos,1.0,5989,3760
7,0,word_part_speech,1.0,5989,3760
7,0,word_length,1.0,5989,3760
7,0,global_flow,2.0,5989,3760
7,0,local_flow,2.0,5989,3760
7,0,frame_brightness,35.0,5989,3760
7,0,face_num,2.0,5989,3760
7,1,onset,1.0,6193,3125
7,1,speech,11.0,6193,6193
7,1,volume,6.0,6193,3125
7,1,delta_volume,1.0,6193,3125
7,1,pitch,1.0,6193,3125
7,1,word_index,1.0,6193,3125
7,1,word_gap,1.0,6193,2760
7,1,gpt2_surprisal,1.0,6193,3125
7,1,word_head_pos,1.0,6193,3125
7,1,word_part_speech,1.0,6193,3125
7,1,word_length,1.0,6193,3125
7,1,global_flow,3.0,6193,3125
7,1,local_flow,3.0,6193,3125
7,1,frame_brightness,33.0,6193,3125
7,1,face_num,2.0,6193,3125
10,0,onset,1.0,5347,3069
10,0,speech,13.0,5347,5347
10,0,volume,17.0,5347,3069
10,0,delta_volume,1.0,5347,3069
10,0,pitch,1.0,5347,3069
10,0,word_index,1.0,5347,3069
10,0,word_gap,1.0,5347,2777
10,0,gpt2_surprisal,1.0,5347,3069
10,0,word_head_pos,1.0,5347,3069
10,0,word_part_speech,1.0,5347,3069
10,0,word_length,1.0,5347,3069
10,0,global_flow,2.0,5347,3069
10,0,local_flow,2.0,5347,3069
10,0,frame_brightness,31.0,5347,3069
10,0,face_num,2.0,5347,3069
10,1,onset,1.0,8186,3548
10,1,speech,8.0,8186,8186
10,1,volume,29.0,8186,3548
10,1,delta_volume,1.0,8186,3548
10,1,pitch,1.0,8186,3548
10,1,word_index,1.0,8186,3548
10,1,word_gap,1.0,8186,3128
10,1,gpt2_surprisal,1.0,8186,3548
10,1,word_head_pos,1.0,8186,3548
10,1,word_part_speech,1.0,8186,3548
10,1,word_length,1.0,8186,3548
10,1,global_flow,5.0,8186,3548
10,1,local_flow,1.0,8186,3548
10,1,frame_brightness,92.0,8186,3548
10,1,face_num,2.0,8186,3548
