split,test_subject,test_trial,task,fold,rung,n_train,n_test,n_features,test_auroc,train_auroc
within,1,1,delta_volume,0,L2,1750,875,480,0.6155215006489971,0.8435527101022897
within,1,1,delta_volume,1,L2,1750,875,480,0.6063893249607535,0.8329690722728843
within,1,1,face_num,0,L2,1750,875,480,0.5509890592181572,0.8167939430052897
within,1,1,face_num,1,L2,1750,875,480,0.5286676145868183,0.8286473687511761
within,1,1,frame_brightness,0,L2,1750,875,480,0.5618181818181818,0.8514404720583131
within,1,1,frame_brightness,1,L2,1750,875,480,0.5047355047355048,0.8695791654833654
within,1,1,global_flow,0,L2,1750,875,480,0.6412561910931851,0.8666813357799319
within,1,1,global_flow,1,L2,1750,875,480,0.5938534278959811,0.8866116836867672
within,1,1,gpt2_surprisal,0,L2,1750,875,480,0.5205576806504881,0.7624534738035795
within,1,1,gpt2_surprisal,1,L2,1750,875,480,0.4964577542789074,0.7728097576653092
within,1,1,local_flow,0,L2,1750,875,480,0.5768169561673042,0.8298707981985936
within,1,1,local_flow,1,L2,1750,875,480,0.5283816993464052,0.8404595467226732
within,1,1,onset,0,L2,1567,784,480,0.8986640386887086,0.9479337712096333
within,1,1,onset,1,L2,1567,784,480,0.7768380429094714,0.9765407120702687
within,1,1,pitch,0,L2,1750,875,480,0.5050811565398448,0.831306485911749
within,1,1,pitch,1,L2,1750,875,480,0.5722871994801819,0.8362666135034555
within,1,1,speech,0,L2,1750,875,480,0.9242823529411766,0.9521566229802889
within,1,1,speech,1,L2,1750,875,480,0.8290574214517876,0.9887060784682595
within,1,1,volume,0,L2,1750,875,480,0.6742692509167103,0.9270927386740642
within,1,1,volume,1,L2,1750,875,480,0.6975467123092283,0.9058318230343355
within,1,1,word_gap,0,L2,1750,875,480,0.5236499866202836,0.7593998516087905
within,1,1,word_gap,1,L2,1750,875,480,0.5385989843472445,0.7737282246350309
within,1,1,word_head_pos,0,L2,1750,875,480,0.5265811805033023,0.7482532009406846
within,1,1,word_head_pos,1,L2,1750,875,480,0.5507351168956376,0.7364463025868827
within,1,1,word_index,0,L2,1163,582,480,0.5830892772791686,0.787039172891862
within,1,1,word_index,1,L2,1163,582,480,0.5806535422842094,0.7864151746899233
within,1,1,word_length,0,L2,1750,875,480,0.561320409464956,0.779119272718722
within,1,1,word_length,1,L2,1750,875,480,0.5353335841484825,0.7628954866286687
within,1,1,word_part_speech,0,L2,1664,832,480,0.5091013105887248,0.7757546690088757
within,1,1,word_part_speech,1,L2,1664,832,480,0.5338534442903375,0.7814479128143491
within,1,2,delta_volume,0,L2,1750,875,480,0.5967679555123502,0.817875353959646
within,1,2,delta_volume,1,L2,1750,875,480,0.6016930530413218,0.8289578174142922
within,1,2,face_num,0,L2,1750,875,480,0.5065000052674272,0.8209854355861907
within,1,2,face_num,1,L2,1750,875,480,0.5354273073294511,0.8397025840859142
within,1,2,frame_brightness,0,L2,1750,875,480,0.5277981662064707,0.884535327039283
within,1,2,frame_brightness,1,L2,1750,875,480,0.5087073429474723,0.895894618905515
within,1,2,global_flow,0,L2,1750,875,480,0.5044872934067888,0.8770011830722977
within,1,2,global_flow,1,L2,1750,875,480,0.5455480954148251,0.8612861298340443
within,1,2,gpt2_surprisal,0,L2,1750,875,480,0.5822839706143605,0.7778069487983281
within,1,2,gpt2_surprisal,1,L2,1750,875,480,0.5588133531841724,0.7772439916405434
within,1,2,local_flow,0,L2,1750,875,480,0.5228859986617598,0.8691631166503548
within,1,2,local_flow,1,L2,1750,875,480,0.5748083700696729,0.8658682683365619
within,1,2,onset,0,L2,1458,729,480,0.8913204243951764,0.9959742000049281
within,1,2,onset,1,L2,1458,729,480,0.9514420468928937,0.9888134314637878
within,1,2,pitch,0,L2,1750,875,480,0.553379273787437,0.8080652738683682
within,1,2,pitch,1,L2,1750,875,480,0.5474547974547974,0.8034783819126281
within,1,2,speech,0,L2,1750,875,480,0.9089944268431673,0.9950772703934656
within,1,2,speech,1,L2,1750,875,480,0.9460596384719611,0.9819748141238442
within,1,2,volume,0,L2,1750,875,480,0.6777768172633263,0.9039052971358876
within,1,2,volume,1,L2,1750,875,480,0.7337424723987955,0.8940612251335325
within,1,2,word_gap,0,L2,1732,866,480,0.5154591949469962,0.7742774086378739
within,1,2,word_gap,1,L2,1732,866,480,0.5461761869456878,0.7866459025470653
within,1,2,word_head_pos,0,L2,1750,875,480,0.5288489720721852,0.7442425256421483
within,1,2,word_head_pos,1,L2,1750,875,480,0.5359919332929302,0.7555947396833405
within,1,2,word_index,0,L2,1020,510,480,0.568367456813672,0.7658690026187172
within,1,2,word_index,1,L2,1020,510,480,0.5652327709509235,0.7737982165036859
within,1,2,word_length,0,L2,1750,875,480,0.5648993751436752,0.7703120754164838
within,1,2,word_length,1,L2,1750,875,480,0.5549502229925387,0.7961790096360861
within,1,2,word_part_speech,0,L2,1115,558,480,0.5267535276547535,0.8009246738528506
within,1,2,word_part_speech,1,L2,1115,558,480,0.5021031373406568,0.823297788767402
within,2,0,delta_volume,0,L2,1750,875,476,0.6172536172536173,0.8114484432925428
within,2,0,delta_volume,1,L2,1750,875,476,0.5802491159218024,0.8343295823627834
within,2,0,face_num,0,L2,1750,875,476,0.5603830724015779,0.8255833140820434
within,2,0,face_num,1,L2,1750,875,476,0.545593444356331,0.8450123758291805
within,2,0,frame_brightness,0,L2,1750,875,476,0.483266505431093,0.9265926906240456
within,2,0,frame_brightness,1,L2,1750,875,476,0.5499151515151515,0.908795004920425
within,2,0,global_flow,0,L2,1750,875,476,0.5639948080687718,0.8704135621643423
within,2,0,global_flow,1,L2,1750,875,476,0.5468679656172459,0.8858100362987964
within,2,0,gpt2_surprisal,0,L2,1750,875,476,0.5386886996952656,0.7759609755587613
within,2,0,gpt2_surprisal,1,L2,1750,875,476,0.5360669613467507,0.7799818101988334
within,2,0,local_flow,0,L2,1750,875,476,0.560433970970719,0.8565286157197922
within,2,0,local_flow,1,L2,1750,875,476,0.5474592922388746,0.8609173370202783
within,2,0,onset,0,L2,1315,658,476,0.8703804347826086,0.9716473021557768
within,2,0,onset,1,L2,1315,658,476,0.873098963547775,0.9739839994077282
within,2,0,pitch,0,L2,1750,875,476,0.5788213724463069,0.8307322151104268
within,2,0,pitch,1,L2,1750,875,476,0.5813782136231116,0.8567103294749749
within,2,0,speech,0,L2,1750,875,476,0.9148501362397821,0.988334831883573
within,2,0,speech,1,L2,1750,875,476,0.9331428815076963,0.9788312353629977
within,2,0,volume,0,L2,1750,875,476,0.6847221101879487,0.9326153717417682
within,2,0,volume,1,L2,1750,875,476,0.6134055057222394,0.9546713526630685
within,2,0,word_gap,0,L2,1433,717,476,0.521774049616277,0.7905834405834407
within,2,0,word_gap,1,L2,1433,717,476,0.5155070118662352,0.8095179595179596
within,2,0,word_head_pos,0,L2,1750,875,476,0.531224854482564,0.746644038833125
within,2,0,word_head_pos,1,L2,1750,875,476,0.5393727531142881,0.7682946426121822
within,2,0,word_index,0,L2,955,478,476,0.5661857402997619,0.8080384554656936
within,2,0,word_index,1,L2,955,478,476,0.5694101580965387,0.7863853265732179
within,2,0,word_length,0,L2,1750,875,476,0.5410369681469426,0.7739622844361349
within,2,0,word_length,1,L2,1750,875,476,0.5695716813418068,0.7868217105082017
within,2,0,word_part_speech,0,L2,850,425,476,0.576234772978959,0.8910074593532249
within,2,0,word_part_speech,1,L2,850,425,476,0.6020207439198856,0.8457209219224584
within,2,4,delta_volume,0,L2,1750,875,476,0.6048564083270629,0.819277549058536
within,2,4,delta_volume,1,L2,1750,875,476,0.5646662539219494,0.8053123236713966
within,2,4,face_num,0,L2,1750,875,476,0.5256406213869795,0.8423366530612244
within,2,4,face_num,1,L2,1750,875,476,0.5376344086021505,0.8148062040816327
within,2,4,frame_brightness,0,L2,1750,875,476,0.41097575757575755,0.910019140588898
within,2,4,frame_brightness,1,L2,1750,875,476,0.4850522317188984,0.9269175079462242
within,2,4,global_flow,0,L2,1750,875,476,0.4532340541115061,0.9284855039242654
within,2,4,global_flow,1,L2,1750,875,476,0.6466951973371374,0.8937346284911203
within,2,4,gpt2_surprisal,0,L2,1750,875,476,0.5482684466587887,0.7732089191957914
within,2,4,gpt2_surprisal,1,L2,1750,875,476,0.544711048879837,0.7746310816415445
within,2,4,local_flow,0,L2,1750,875,476,0.5091973244147157,0.8927389353174433
within,2,4,local_flow,1,L2,1750,875,476,0.5350943396226415,0.8831452799215451
within,2,4,onset,0,L2,1496,748,476,0.722052073005031,0.9574195272769301
within,2,4,onset,1,L2,1496,748,476,0.8407223183391004,0.9213982316227461
within,2,4,pitch,0,L2,1750,875,476,0.5260930739365473,0.8202481148266321
within,2,4,pitch,1,L2,1750,875,476,0.5433077126954677,0.8149634859989361
within,2,4,speech,0,L2,1750,875,476,0.7943990590927874,0.9725812506174059
within,2,4,speech,1,L2,1750,875,476,0.8758800900050812,0.9409160657249169
within,2,4,volume,0,L2,1750,875,476,0.6536511293690177,0.889540113842153
within,2,4,volume,1,L2,1750,875,476,0.6526528596207084,0.914448158870954
within,2,4,word_gap,0,L2,1593,797,476,0.5080921433789265,0.7773533084432784
within,2,4,word_gap,1,L2,1593,797,476,0.5427842362535775,0.7814920158421836
within,2,4,word_head_pos,0,L2,1750,875,476,0.4980668756530825,0.7504258632221386
within,2,4,word_head_pos,1,L2,1750,875,476,0.5087231524823809,0.7486910584399298
within,2,4,word_index,0,L2,1064,532,476,0.6677319004524886,0.83290360231312
within,2,4,word_index,1,L2,1064,532,476,0.6661761584718784,0.8335685359081826
within,2,4,word_length,0,L2,1750,875,476,0.5485949946685066,0.7630452507134121
within,2,4,word_length,1,L2,1750,875,476,0.5217384447154814,0.7804415315626079
within,2,4,word_part_speech,0,L2,1048,524,476,0.5709232815446001,0.8415048570210999
within,2,4,word_part_speech,1,L2,1048,524,476,0.6098094072390278,0.8181649311056962
within,3,0,delta_volume,0,L2,1750,875,436,0.5159160760208242,0.7550427518427518
within,3,0,delta_volume,1,L2,1750,875,436,0.5154174895248842,0.7635197379197378
within,3,0,face_num,0,L2,1750,875,436,0.45523742042148435,0.7814331008922737
within,3,0,face_num,1,L2,1750,875,436,0.5363894239928872,0.7842689889349486
within,3,0,frame_brightness,0,L2,1750,875,436,0.5444732648622241,0.8475582398619499
within,3,0,frame_brightness,1,L2,1750,875,436,0.4937548577116599,0.8702631578947367
within,3,0,global_flow,0,L2,1750,875,436,0.6340480892817957,0.8653635087645241
within,3,0,global_flow,1,L2,1750,875,436,0.6115495587236931,0.8658977700855874
within,3,0,gpt2_surprisal,0,L2,1750,875,436,0.5957129553088409,0.7789082181677172
within,3,0,gpt2_surprisal,1,L2,1750,875,436,0.5827333242765929,0.7671228749110794
within,3,0,local_flow,0,L2,1750,875,436,0.6204298704298705,0.823854131816661
within,3,0,local_flow,1,L2,1750,875,436,0.5465591071372483,0.8302133865841419
within,3,0,onset,0,L2,1750,875,436,0.8540544558418242,0.9814683886375063
within,3,0,onset,1,L2,1750,875,436,0.8424960753532182,0.9689293719624601
within,3,0,pitch,0,L2,1750,875,436,0.5579605654995141,0.8045300873672769
within,3,0,pitch,1,L2,1750,875,436,0.6025967413441955,0.793624853691163
within,3,0,speech,0,L2,1750,875,436,0.8688560685613632,0.9931072966770411
within,3,0,speech,1,L2,1750,875,436,0.8623461048055016,0.9770295618640426
within,3,0,volume,0,L2,1750,875,436,0.7435500852029131,0.8919545377601303
within,3,0,volume,1,L2,1750,875,436,0.747948717948718,0.9031908073186369
within,3,0,word_gap,0,L2,1750,875,436,0.5329135125009641,0.7593337200066883
within,3,0,word_gap,1,L2,1750,875,436,0.5556500556500557,0.7620299828609648
within,3,0,word_head_pos,0,L2,1750,875,436,0.5106349621113144,0.7496290602380029
within,3,0,word_head_pos,1,L2,1750,875,436,0.5562407163329777,0.7491440605844311
within,3,0,word_index,0,L2,1455,728,436,0.5642738526570048,0.7606712444210979
within,3,0,word_index,1,L2,1455,728,436,0.5679349672043295,0.7578180210344918
within,3,0,word_length,0,L2,1750,875,436,0.5417796556725736,0.7415052867637041
within,3,0,word_length,1,L2,1750,875,436,0.5205696367912203,0.7412040093474593
within,3,0,word_part_speech,0,L2,1562,781,436,0.5252185918085597,0.7611320228635159
within,3,0,word_part_speech,1,L2,1562,781,436,0.5165154409423751,0.7748402916164374
within,3,1,delta_volume,0,L2,1750,875,436,0.6721132897603486,0.854988662723872
within,3,1,delta_volume,1,L2,1750,875,436,0.6512037365990261,0.8060738020104072
within,3,1,face_num,0,L2,1750,875,436,0.5359477124183007,0.803504606773372
within,3,1,face_num,1,L2,1750,875,436,0.5096629213483146,0.7905005607790112
within,3,1,frame_brightness,0,L2,1750,875,436,0.5009017080763178,0.8513038124110235
within,3,1,frame_brightness,1,L2,1750,875,436,0.48294305975938895,0.88837817946033
within,3,1,global_flow,0,L2,1750,875,436,0.5592305592305592,0.8642386811750067
within,3,1,global_flow,1,L2,1750,875,436,0.5985529546915676,0.8915116720440311
within,3,1,gpt2_surprisal,0,L2,1750,875,436,0.5486298363328526,0.7790542237383198
within,3,1,gpt2_surprisal,1,L2,1750,875,436,0.5628465030649177,0.760644364686555
within,3,1,local_flow,0,L2,1750,875,436,0.70949829261886,0.8976272948601403
within,3,1,local_flow,1,L2,1750,875,436,0.6708321066576943,0.9213778564935269
within,3,1,onset,0,L2,1122,561,436,0.824287995741283,0.988866923649324
within,3,1,onset,1,L2,1122,561,436,0.8922722029988466,0.9577415759402914
within,3,1,pitch,0,L2,1750,875,436,0.5163918952932293,0.7824417161569921
within,3,1,pitch,1,L2,1750,875,436,0.5497019414820892,0.8074275713537731
within,3,1,speech,0,L2,1750,875,436,0.8600675254295607,0.9831965941718095
within,3,1,speech,1,L2,1750,875,436,0.9277237210673743,0.9706399128741625
within,3,1,volume,0,L2,1750,875,436,0.6799023744165429,0.9151463586450078
within,3,1,volume,1,L2,1750,875,436,0.6660547291784348,0.8809957903183857
within,3,1,word_gap,0,L2,1603,802,436,0.5309519168495381,0.7767068749258965
within,3,1,word_gap,1,L2,1603,802,436,0.5344731081148316,0.7873746482037329
within,3,1,word_head_pos,0,L2,1750,875,436,0.5505340272552461,0.7660857068199634
within,3,1,word_head_pos,1,L2,1750,875,436,0.5879790849673203,0.7552965769532272
within,3,1,word_index,0,L2,838,419,436,0.6487460100319198,0.8667111209898495
within,3,1,word_index,1,L2,838,419,436,0.6663474692202462,0.8480631023418309
within,3,1,word_length,0,L2,1750,875,436,0.5607718321066242,0.7818819035875142
within,3,1,word_length,1,L2,1750,875,436,0.5721577847439916,0.7859234740263134
within,3,1,word_part_speech,0,L2,1086,543,436,0.5659554226692036,0.8001824817518248
within,3,1,word_part_speech,1,L2,1086,543,436,0.5722697056030389,0.8011288090521802
within,4,0,delta_volume,0,L2,1679,840,480,0.5019366637133965,0.7959005248531745
within,4,0,delta_volume,1,L2,1679,840,480,0.48612458101509193,0.7917008478834139
within,4,0,face_num,0,L2,1413,707,480,0.4952406134320465,0.8530743493679
within,4,0,face_num,1,L2,1413,707,480,0.493708539109742,0.8464388035181215
within,4,0,frame_brightness,0,L2,1679,840,480,0.5496148148148148,0.9156284380931655
within,4,0,frame_brightness,1,L2,1679,840,480,0.4264554008567931,0.938940976630034
within,4,0,global_flow,0,L2,1679,840,480,0.5426580645161291,0.8810076850012952
within,4,0,global_flow,1,L2,1679,840,480,0.5353631119992733,0.8954436864979997
within,4,0,gpt2_surprisal,0,L2,1679,840,480,0.532579847563742,0.7811132489911288
within,4,0,gpt2_surprisal,1,L2,1679,840,480,0.5537956564379616,0.780385329224063
within,4,0,local_flow,0,L2,1679,840,480,0.5639590335180307,0.8608006932901449
within,4,0,local_flow,1,L2,1679,840,480,0.5931844687811123,0.8708903379789456
within,4,0,onset,0,L2,1056,528,480,0.7563693351736829,0.9602540750081734
within,4,0,onset,1,L2,1056,528,480,0.7106309496169028,0.9387159008848796
within,4,0,pitch,0,L2,1679,840,480,0.5158365591397849,0.8212637996375021
within,4,0,pitch,1,L2,1679,840,480,0.5610041860041859,0.8390364259293982
within,4,0,speech,0,L2,1750,875,480,0.7894202807590117,0.9510003531198599
within,4,0,speech,1,L2,1750,875,480,0.8181803926488114,0.9246056281267188
within,4,0,volume,0,L2,1679,840,480,0.6213986387750112,0.8856725063176127
within,4,0,volume,1,L2,1679,840,480,0.606955778482365,0.8957324171611913
within,4,0,word_gap,0,L2,1417,709,480,0.5503542552304743,0.7813963053919019
within,4,0,word_gap,1,L2,1417,709,480,0.5302070743695109,0.786644649028361
within,4,0,word_head_pos,0,L2,1750,875,480,0.5245953914352626,0.7632290111532126
within,4,0,word_head_pos,1,L2,1750,875,480,0.5077696383225523,0.7579978814251138
within,4,0,word_index,0,L2,755,378,480,0.5723007982075339,0.8544397151165241
within,4,0,word_index,1,L2,755,378,480,0.5506832437275986,0.8625381038672792
within,4,0,word_length,0,L2,1678,839,480,0.5731905557639623,0.7980221888270318
within,4,0,word_length,1,L2,1678,839,480,0.5641974887402756,0.8120666689436115
within,4,0,word_part_speech,0,L2,971,486,480,0.5055692125116555,0.8435916866043985
within,4,0,word_part_speech,1,L2,971,486,480,0.5286005434782608,0.8278657119260275
within,4,1,delta_volume,0,L2,1750,875,480,0.5390364493503508,0.783589635063958
within,4,1,delta_volume,1,L2,1750,875,480,0.48911737354105933,0.7830618781874424
within,4,1,face_num,0,L2,1750,875,480,0.4846881144626198,0.7806577185591588
within,4,1,face_num,1,L2,1750,875,480,0.49731882467308475,0.8060990823291205
within,4,1,frame_brightness,0,L2,1750,875,480,0.5059916697801209,0.8909060962521385
within,4,1,frame_brightness,1,L2,1750,875,480,0.47288665127756113,0.898013697174493
within,4,1,global_flow,0,L2,1750,875,480,0.6024820852547033,0.8920291568163908
within,4,1,global_flow,1,L2,1750,875,480,0.5255601581623046,0.8602994483845547
within,4,1,gpt2_surprisal,0,L2,1750,875,480,0.5243777559507639,0.7730175266175267
within,4,1,gpt2_surprisal,1,L2,1750,875,480,0.4880302504391363,0.7652900900900901
within,4,1,local_flow,0,L2,1750,875,480,0.5882624381240036,0.867017353919538
within,4,1,local_flow,1,L2,1750,875,480,0.5594310888146454,0.8585469884307203
within,4,1,onset,0,L2,1449,725,480,0.6742302357836338,0.9361651637399147
within,4,1,onset,1,L2,1449,725,480,0.76232445594744,0.950018051346955
within,4,1,pitch,0,L2,1750,875,480,0.5373336825563122,0.8126299973869872
within,4,1,pitch,1,L2,1750,875,480,0.48862946923575806,0.8210112359550562
within,4,1,speech,0,L2,1750,875,480,0.7267888498683055,0.926755761419472
within,4,1,speech,1,L2,1750,875,480,0.7440021781701276,0.947359094711596
within,4,1,volume,0,L2,1750,875,480,0.5833518135225705,0.857402056576761
within,4,1,volume,1,L2,1750,875,480,0.5893471332554984,0.8648790925146039
within,4,1,word_gap,0,L2,1486,743,480,0.5042281605682182,0.7892286011886526
within,4,1,word_gap,1,L2,1486,743,480,0.48762202093043705,0.7722009012371123
within,4,1,word_head_pos,0,L2,1750,875,480,0.5143412432212157,0.746523097499556
within,4,1,word_head_pos,1,L2,1750,875,480,0.5078344674757231,0.7516705327941653
within,4,1,word_index,0,L2,1039,520,480,0.5322962962962963,0.7588747413773925
within,4,1,word_index,1,L2,1039,520,480,0.5346650650294376,0.7670653842445996
within,4,1,word_length,0,L2,1750,875,480,0.5281239544998327,0.768185168534627
within,4,1,word_length,1,L2,1750,875,480,0.5427604346778165,0.7757310659919705
within,4,1,word_part_speech,0,L2,1135,568,480,0.4875085239600769,0.7968371948375059
within,4,1,word_part_speech,1,L2,1135,568,480,0.47033560722999546,0.8182522158295755
within,7,0,delta_volume,0,L2,1750,875,476,0.5258995588450521,0.7535659295659296
within,7,0,delta_volume,1,L2,1750,875,476,0.5048117613867904,0.7808484848484849
within,7,0,face_num,0,L2,1750,875,476,0.49590432327396483,0.7949229838148183
within,7,0,face_num,1,L2,1750,875,476,0.47819598213340675,0.7879859035744508
within,7,0,frame_brightness,0,L2,1750,875,476,0.394856524722878,0.8815401207937877
within,7,0,frame_brightness,1,L2,1750,875,476,0.4357691206348773,0.8971023871153294
within,7,0,global_flow,0,L2,1750,875,476,0.5681264825438623,0.8334740441339425
within,7,0,global_flow,1,L2,1750,875,476,0.5430138323150034,0.8444099116687949
within,7,0,gpt2_surprisal,0,L2,1750,875,476,0.5386482781713353,0.7727509134427064
within,7,0,gpt2_surprisal,1,L2,1750,875,476,0.5477621142612312,0.7743439522821984
within,7,0,local_flow,0,L2,1750,875,476,0.5157657657657657,0.8178124477249917
within,7,0,local_flow,1,L2,1750,875,476,0.5221226429910065,0.8296814883740382
within,7,0,onset,0,L2,1750,875,476,0.6781747382755978,0.8916511006237418
within,7,0,onset,1,L2,1750,875,476,0.6993092493703823,0.8915877363783373
within,7,0,pitch,0,L2,1750,875,476,0.505825313731022,0.8073308565337347
within,7,0,pitch,1,L2,1750,875,476,0.5194861676849967,0.8066476465178496
within,7,0,speech,0,L2,1750,875,476,0.6578606037218078,0.8944495282572339
within,7,0,speech,1,L2,1750,875,476,0.6973678710998725,0.878672178220946
within,7,0,volume,0,L2,1750,875,476,0.7044001606373396,0.8856979482811707
within,7,0,volume,1,L2,1750,875,476,0.6440900562851782,0.890219113920845
within,7,0,word_gap,0,L2,1750,875,476,0.46871728758277964,0.7497178329571106
within,7,0,word_gap,1,L2,1750,875,476,0.4965297465297466,0.7625708030265028
within,7,0,word_head_pos,0,L2,1750,875,476,0.49012281160177684,0.7643045484078024
within,7,0,word_head_pos,1,L2,1750,875,476,0.502144396326283,0.7532358366374752
within,7,0,word_index,0,L2,1455,728,476,0.4904287439613526,0.7354551741599997
within,7,0,word_index,1,L2,1455,728,476,0.49873572501452973,0.737990952825447
within,7,0,word_length,0,L2,1750,875,476,0.5059384919383658,0.7344278872855691
within,7,0,word_length,1,L2,1750,875,476,0.5105408936503788,0.7828078007272574
within,7,0,word_part_speech,0,L2,1562,781,476,0.5427716783906384,0.7707104255336596
within,7,0,word_part_speech,1,L2,1562,781,476,0.521138437864799,0.7716092208527074
within,7,1,delta_volume,0,L2,1750,875,476,0.5264772596611162,0.7821474479558566
within,7,1,delta_volume,1,L2,1750,875,476,0.5448627524737992,0.7843146476047154
within,7,1,face_num,0,L2,1750,875,476,0.5294523699953981,0.7772260866725451
within,7,1,face_num,1,L2,1750,875,476,0.5839631220797139,0.8107246660788348
within,7,1,frame_brightness,0,L2,1750,875,476,0.5726887791107975,0.8748658441986249
within,7,1,frame_brightness,1,L2,1750,875,476,0.4965971503621746,0.9135199825730285
within,7,1,global_flow,0,L2,1750,875,476,0.5849137277824684,0.85801024428684
within,7,1,global_flow,1,L2,1750,875,476,0.5640599175714973,0.8529380089309168
within,7,1,gpt2_surprisal,0,L2,1750,875,476,0.5300934149756535,0.7553900081900082
within,7,1,gpt2_surprisal,1,L2,1750,875,476,0.5320437979237007,0.7614676494676493
within,7,1,local_flow,0,L2,1750,875,476,0.556485443409682,0.8561240820937677
within,7,1,local_flow,1,L2,1750,875,476,0.5728159944352518,0.8496948157911253
within,7,1,onset,0,L2,1449,725,476,0.6108577230531201,0.8579302075421504
within,7,1,onset,1,L2,1449,725,476,0.6099462240612457,0.888035964205437
within,7,1,pitch,0,L2,1750,875,476,0.5289889994761655,0.7999947739743926
within,7,1,pitch,1,L2,1750,875,476,0.5046130672189795,0.7965181604389862
within,7,1,speech,0,L2,1554,777,476,0.6423952829248145,0.8891397276485016
within,7,1,speech,1,L2,1554,777,476,0.6118959855237585,0.8912846511893735
within,7,1,volume,0,L2,1750,875,476,0.5535494283461463,0.8387316731631362
within,7,1,volume,1,L2,1750,875,476,0.573159572118267,0.8366638625604799
within,7,1,word_gap,0,L2,1486,743,476,0.4913835763979856,0.7754928118263698
within,7,1,word_gap,1,L2,1486,743,476,0.5306114970832234,0.795123590540538
within,7,1,word_head_pos,0,L2,1750,875,476,0.5590577097896618,0.7326220181185543
within,7,1,word_head_pos,1,L2,1750,875,476,0.5190818150459406,0.7594628695025234
within,7,1,word_index,0,L2,1039,520,476,0.5039851851851852,0.7800428627576029
within,7,1,word_index,1,L2,1039,520,476,0.4944906645311503,0.7800206156515808
within,7,1,word_length,0,L2,1750,875,476,0.5182492054198728,0.7815192162930746
within,7,1,word_length,1,L2,1750,875,476,0.5168138996300837,0.7631746089829374
within,7,1,word_part_speech,0,L2,1135,568,476,0.5261298121629161,0.8147442077437412
within,7,1,word_part_speech,1,L2,1135,568,476,0.49273016979534934,0.8028518115378636
within,10,0,delta_volume,0,L2,1750,875,480,0.5733095081350512,0.7930281601806266
within,10,0,delta_volume,1,L2,1750,875,480,0.5227560646194758,0.7888548297741124
within,10,0,face_num,0,L2,1750,875,480,0.5684157363104732,0.8157298639832857
within,10,0,face_num,1,L2,1750,875,480,0.5253997702977294,0.7808542617149192
within,10,0,frame_brightness,0,L2,1750,875,480,0.5947809824376844,0.8805391192886102
within,10,0,frame_brightness,1,L2,1750,875,480,0.4769792,0.9249878461653009
within,10,0,global_flow,0,L2,1750,875,480,0.5719989451476792,0.8540259665599208
within,10,0,global_flow,1,L2,1750,875,480,0.5439154879440494,0.8530578061039837
within,10,0,gpt2_surprisal,0,L2,1750,875,480,0.5211677535323134,0.7634051312594612
within,10,0,gpt2_surprisal,1,L2,1750,875,480,0.5151353667074177,0.7858026360300985
within,10,0,local_flow,0,L2,1750,875,480,0.5569809832430819,0.8465162357851248
within,10,0,local_flow,1,L2,1750,875,480,0.5435242040627497,0.8565588672364912
within,10,0,onset,0,L2,1657,829,480,0.7716889209671598,0.9748883798465877
within,10,0,onset,1,L2,1657,829,480,0.8644916124614859,0.9497563591429437
within,10,0,pitch,0,L2,1750,875,480,0.52532122773397,0.815947508750946
within,10,0,pitch,1,L2,1750,875,480,0.5241713753761555,0.8258217495596658
within,10,0,speech,0,L2,1750,875,480,0.7523093333333334,0.9646867195418874
within,10,0,speech,1,L2,1750,875,480,0.8554242424242424,0.9464991065550644
within,10,0,volume,0,L2,1750,875,480,0.6131931951269576,0.9030708178873411
within,10,0,volume,1,L2,1750,875,480,0.6281889061615029,0.91602127790242
within,10,0,word_gap,0,L2,1750,875,480,0.5448172205755608,0.7774945036526649
within,10,0,word_gap,1,L2,1750,875,480,0.511087540363454,0.7705047473513433
within,10,0,word_head_pos,0,L2,1750,875,480,0.534101729676562,0.74804632651915
within,10,0,word_head_pos,1,L2,1750,875,480,0.5213420686916815,0.7428086660423272
within,10,0,word_index,0,L2,1189,595,480,0.5339322033898305,0.7741781167026163
within,10,0,word_index,1,L2,1189,595,480,0.5281901791968906,0.7712200728046785
within,10,0,word_length,0,L2,1750,875,480,0.5249894736842106,0.7613396459104116
within,10,0,word_length,1,L2,1750,875,480,0.5111995809324253,0.7714943772078342
within,10,0,word_part_speech,0,L2,1293,647,480,0.5341161384167814,0.7966317028586741
within,10,0,word_part_speech,1,L2,1293,647,480,0.5435908708616867,0.8008426724344189
within,10,1,delta_volume,0,L2,1750,875,480,0.6297521441003167,0.8317890253890254
within,10,1,delta_volume,1,L2,1750,875,480,0.5381829015869033,0.8409723177723178
within,10,1,face_num,0,L2,1750,875,480,0.5237392491034307,0.8301395136143053
within,10,1,face_num,1,L2,1750,875,480,0.5154501140191217,0.836747914917326
within,10,1,frame_brightness,0,L2,1750,875,480,0.5189371612172486,0.8930867189694863
within,10,1,frame_brightness,1,L2,1750,875,480,0.508017355215997,0.8962036427474216
within,10,1,global_flow,0,L2,1750,875,480,0.5783028630562264,0.875480152393209
within,10,1,global_flow,1,L2,1750,875,480,0.5520832,0.856645492224049
within,10,1,gpt2_surprisal,0,L2,1750,875,480,0.5181500909071911,0.7759107045098508
within,10,1,gpt2_surprisal,1,L2,1750,875,480,0.5030225248821373,0.7888769991990792
within,10,1,local_flow,0,L2,1750,875,480,0.5594430362934022,0.8456915932456669
within,10,1,local_flow,1,L2,1750,875,480,0.552826951908661,0.8542308975775392
within,10,1,onset,0,L2,1750,875,480,0.8715198810049907,0.9529856071148395
within,10,1,onset,1,L2,1750,875,480,0.8801046734483267,0.9524047931605871
within,10,1,pitch,0,L2,1750,875,480,0.566485575513964,0.8353990214184126
within,10,1,pitch,1,L2,1750,875,480,0.6065450046396537,0.8507424271370652
within,10,1,speech,0,L2,1750,875,480,0.9008884104303951,0.97510989010989
within,10,1,speech,1,L2,1750,875,480,0.919668923373131,0.9628061224489797
within,10,1,volume,0,L2,1750,875,480,0.6783595593119403,0.9071065245996244
within,10,1,volume,1,L2,1750,875,480,0.6413411078717202,0.9309455072279855
within,10,1,word_gap,0,L2,1750,875,480,0.529628169754303,0.778536563492032
within,10,1,word_gap,1,L2,1750,875,480,0.5611115848718713,0.8186932971437388
within,10,1,word_head_pos,0,L2,1750,875,480,0.5332486856879022,0.7560374626766118
within,10,1,word_head_pos,1,L2,1750,875,480,0.4987721663166035,0.7539043239545855
within,10,1,word_index,0,L2,1298,649,480,0.5310534815237009,0.7952881905616611
within,10,1,word_index,1,L2,1298,649,480,0.5316922141812449,0.7797230274669573
within,10,1,word_length,0,L2,1750,875,480,0.5116797488226059,0.7653534894412923
within,10,1,word_length,1,L2,1750,875,480,0.5333919524347863,0.7717796202835856
within,10,1,word_part_speech,0,L2,1390,695,480,0.5336722676530595,0.7992159709618876
within,10,1,word_part_speech,1,L2,1390,695,480,0.5197637965067096,0.8107544723878661
