split,test_subject,test_trial,task,fold,rung,n_train,n_test,n_features,test_auroc,train_auroc,n_excluded_plateau
within,1,1,delta_volume,0,L2,1750,875,480,0.6319394376351839,0.8490657959183674,0
within,1,1,delta_volume,1,L2,1750,875,480,0.6419443486620064,0.8312006530612245,0
within,1,1,face_num,0,L2,1750,875,480,0.5810685140486714,0.8099095510204082,0
within,1,1,face_num,1,L2,1750,875,480,0.5481750833307211,0.813560163265306,0
within,1,1,frame_brightness,0,L2,1750,875,480,0.5205165982257609,0.8439327346938775,0
within,1,1,frame_brightness,1,L2,1750,875,480,0.5188029633344828,0.8530755918367346,0
within,1,1,global_flow,0,L2,1750,875,480,0.6332873577630795,0.8589231020408163,0
within,1,1,global_flow,1,L2,1750,875,480,0.5665444134457644,0.8799843265306122,0
within,1,1,gpt2_surprisal,0,L2,1750,875,480,0.4615215823955362,0.7888809795918366,0
within,1,1,gpt2_surprisal,1,L2,1750,875,480,0.5261224830987534,0.7691180408163265,0
within,1,1,local_flow,0,L2,1750,875,480,0.5722861352308705,0.8272731428571429,0
within,1,1,local_flow,1,L2,1750,875,480,0.5504268413738336,0.8377756734693877,0
within,1,1,onset,0,L2,1567,784,480,0.8460472199083715,0.9394987880209555,0
within,1,1,onset,1,L2,1567,784,480,0.7517050187421908,0.9625540829358563,0
within,1,1,pitch,0,L2,1750,875,480,0.49075786547966105,0.8219702857142857,0
within,1,1,pitch,1,L2,1750,875,480,0.5865228885196911,0.8175830204081633,0
within,1,1,speech,0,L2,1750,875,480,0.8932687585551132,0.9383523265306122,0
within,1,1,speech,1,L2,1750,875,480,0.8181195991766192,0.974522775510204,0
within,1,1,volume,0,L2,1750,875,480,0.6708985089286648,0.9062987755102041,0
within,1,1,volume,1,L2,1750,875,480,0.6771992518520841,0.8997106938775511,0
within,1,1,word_gap,0,L2,1750,875,480,0.512679853296135,0.7535242448979591,0
within,1,1,word_gap,1,L2,1750,875,480,0.558968893347126,0.768252081632653,0
within,1,1,word_head_pos,0,L2,1750,875,480,0.5063947838625749,0.7469701224489796,0
within,1,1,word_head_pos,1,L2,1750,875,480,0.554862439004002,0.7519033469387755,0
within,1,1,word_index,0,L2,1163,582,480,0.5366020713028896,0.7655511589805466,0
within,1,1,word_index,1,L2,1163,582,480,0.5572678641017466,0.7697032607602723,0
within,1,1,word_length,0,L2,1750,875,480,0.5459233252876086,0.7716257959183672,0
within,1,1,word_length,1,L2,1750,875,480,0.5346749840652854,0.7778324897959183,0
within,1,1,word_part_speech,0,L2,1664,832,480,0.541558801775148,0.7713196884245561,0
within,1,1,word_part_speech,1,L2,1664,832,480,0.532561714127219,0.7865690874630178,0
within,1,2,delta_volume,0,L2,1750,875,480,0.6032203797164143,0.8118961632653061,0
within,1,2,delta_volume,1,L2,1750,875,480,0.6127341880609805,0.8153351836734695,0
within,1,2,face_num,0,L2,1750,875,480,0.5108251569961234,0.8095738775510204,0
within,1,2,face_num,1,L2,1750,875,480,0.49799901779463546,0.8450089795918367,0
within,1,2,frame_brightness,0,L2,1750,875,480,0.44678850192783925,0.8786181224489795,0
within,1,2,frame_brightness,1,L2,1750,875,480,0.4267003124248979,0.8887928163265306,0
within,1,2,global_flow,0,L2,1750,875,480,0.5034899637419934,0.8628375510204082,0
within,1,2,global_flow,1,L2,1750,875,480,0.5173401042809527,0.8434886530612244,0
within,1,2,gpt2_surprisal,0,L2,1750,875,480,0.5409705024920849,0.7606870204081633,0
within,1,2,gpt2_surprisal,1,L2,1750,875,480,0.5657084939866044,0.7600404897959183,0
within,1,2,local_flow,0,L2,1750,875,480,0.538306009216012,0.8554122448979592,0
within,1,2,local_flow,1,L2,1750,875,480,0.56370228728462,0.8525871020408162,0
within,1,2,onset,0,L2,1458,729,480,0.8839605599879572,0.9906029079427444,0
within,1,2,onset,1,L2,1458,729,480,0.9195167845852777,0.9810628084773286,0
within,1,2,pitch,0,L2,1750,875,480,0.5213472931883013,0.7886001632653061,0
within,1,2,pitch,1,L2,1750,875,480,0.5652591872773058,0.818626612244898,0
within,1,2,speech,0,L2,1750,875,480,0.8950241894193494,0.9922455510204082,0
within,1,2,speech,1,L2,1750,875,480,0.9302634191195678,0.9769639183673469,0
within,1,2,volume,0,L2,1750,875,480,0.6709455293982425,0.8917289795918367,0
within,1,2,volume,1,L2,1750,875,480,0.7147215865751335,0.8891585306122449,0
within,1,2,word_gap,0,L2,1732,866,480,0.540602382006411,0.7590618649627445,0
within,1,2,word_gap,1,L2,1732,866,480,0.5415624383297153,0.7849300492295548,0
within,1,2,word_head_pos,0,L2,1750,875,480,0.5324806954849901,0.7443330612244898,0
within,1,2,word_head_pos,1,L2,1750,875,480,0.5525479870014525,0.7577273469387755,0
within,1,2,word_index,0,L2,1020,510,480,0.5739331026528258,0.7870703575547866,0
within,1,2,word_index,1,L2,1020,510,480,0.5452979623221837,0.7918377547097271,0
within,1,2,word_length,0,L2,1750,875,480,0.5889470549512554,0.7639666938775511,0
within,1,2,word_length,1,L2,1750,875,480,0.5306939176410352,0.7697776326530612,0
within,1,2,word_part_speech,0,L2,1115,558,480,0.5107462648218806,0.8233624833497424,0
within,1,2,word_part_speech,1,L2,1115,558,480,0.4957156254416053,0.8086105158845067,0
within,2,0,delta_volume,0,L2,1750,875,476,0.6249438366613377,0.8077570612244898,0
within,2,0,delta_volume,1,L2,1750,875,476,0.5902375056163338,0.8325041632653062,0
within,2,0,face_num,0,L2,1750,875,476,0.5486296145366394,0.8282710204081632,0
within,2,0,face_num,1,L2,1750,875,476,0.5473078168918424,0.8344542040816326,0
within,2,0,frame_brightness,0,L2,1750,875,476,0.5423288716132201,0.9051911836734694,0
within,2,0,frame_brightness,1,L2,1750,875,476,0.5955664921684796,0.8955807346938776,0
within,2,0,global_flow,0,L2,1750,875,476,0.5429244642278717,0.8514729795918368,0
within,2,0,global_flow,1,L2,1750,875,476,0.5510746789546828,0.8793142857142857,0
within,2,0,gpt2_surprisal,0,L2,1750,875,476,0.5247432159911393,0.7867611428571428,0
within,2,0,gpt2_surprisal,1,L2,1750,875,476,0.5601862010595279,0.7759817142857142,0
within,2,0,local_flow,0,L2,1750,875,476,0.5229616626438043,0.8404649795918366,0
within,2,0,local_flow,1,L2,1750,875,476,0.5359288632540254,0.8513384489795919,0
within,2,0,onset,0,L2,1315,658,476,0.8473406564979998,0.9664913279019953,0
within,2,0,onset,1,L2,1315,658,476,0.8111990835265749,0.9679463158040832,0
within,2,0,pitch,0,L2,1750,875,476,0.5391053571988338,0.8321253877551021,0
within,2,0,pitch,1,L2,1750,875,476,0.5894329331368923,0.8724780408163266,0
within,2,0,speech,0,L2,1750,875,476,0.9043551403822241,0.9844688979591837,0
within,2,0,speech,1,L2,1750,875,476,0.9185187507183683,0.9769808979591836,0
within,2,0,volume,0,L2,1750,875,476,0.6583492680480236,0.9146435918367346,0
within,2,0,volume,1,L2,1750,875,476,0.6499012570138867,0.9406328163265306,0
within,2,0,word_gap,0,L2,1433,717,476,0.5338774684489815,0.7807515797511356,0
within,2,0,word_gap,1,L2,1433,717,476,0.551026283437855,0.7861648083650842,0
within,2,0,word_head_pos,0,L2,1750,875,476,0.5220734982184467,0.7526530612244897,0
within,2,0,word_head_pos,1,L2,1750,875,476,0.5473339393749412,0.7544711836734694,0
within,2,0,word_index,0,L2,955,478,476,0.5962780763642093,0.787961720305606,0
within,2,0,word_index,1,L2,955,478,476,0.564923583270601,0.7874310325166882,0
within,2,0,word_length,0,L2,1750,875,476,0.5581643208676844,0.7922977959183674,0
within,2,0,word_length,1,L2,1750,875,476,0.5894120351504133,0.7775595102040816,0
within,2,0,word_part_speech,0,L2,850,425,476,0.5739879528744796,0.8862782006920416,0
within,2,0,word_part_speech,1,L2,850,425,476,0.5777748250509346,0.8590948096885813,0
within,2,4,delta_volume,0,L2,1750,875,476,0.6218666081523045,0.8294269387755102,0
within,2,4,delta_volume,1,L2,1750,875,476,0.6197977074908831,0.8233743673469388,0
within,2,4,face_num,0,L2,1750,875,476,0.5031712694481887,0.8191059591836736,0
within,2,4,face_num,1,L2,1750,875,476,0.5380029884120665,0.8086491428571427,0
within,2,4,frame_brightness,0,L2,1750,875,476,0.5000313469797184,0.9136835918367348,0
within,2,4,frame_brightness,1,L2,1750,875,476,0.492142357083895,0.9061511836734694,0
within,2,4,global_flow,0,L2,1750,875,476,0.5486714105095973,0.9154664489795918,0
within,2,4,global_flow,1,L2,1750,875,476,0.6537882824989811,0.8770690612244898,0
within,2,4,gpt2_surprisal,0,L2,1750,875,476,0.5537339477341359,0.7695908571428571,0
within,2,4,gpt2_surprisal,1,L2,1750,875,476,0.5777457341985099,0.7769404081632654,0
within,2,4,local_flow,0,L2,1750,875,476,0.5318903273669582,0.8857573877551022,0
within,2,4,local_flow,1,L2,1750,875,476,0.6083926313699675,0.8762357551020408,0
within,2,4,onset,0,L2,1496,748,476,0.6864580056621579,0.9622683662672653,0
within,2,4,onset,1,L2,1496,748,476,0.7919442935171153,0.9103295061340044,0
within,2,4,pitch,0,L2,1750,875,476,0.5124969959144436,0.8080679183673469,0
within,2,4,pitch,1,L2,1750,875,476,0.5705933983260713,0.8003121632653061,0
within,2,4,speech,0,L2,1750,875,476,0.7534089840443874,0.9769926530612245,0
within,2,4,speech,1,L2,1750,875,476,0.8617232479650585,0.9289835102040817,0
within,2,4,volume,0,L2,1750,875,476,0.6466463956197821,0.8915474285714287,0
within,2,4,volume,1,L2,1750,875,476,0.6363802597619719,0.8939428571428572,0
within,2,4,word_gap,0,L2,1593,797,476,0.5076510371405902,0.7835475999823458,0
within,2,4,word_gap,1,L2,1593,797,476,0.5527071447462879,0.7717524258683631,0
within,2,4,word_head_pos,0,L2,1750,875,476,0.5208666394992842,0.7693387755102041,0
within,2,4,word_head_pos,1,L2,1750,875,476,0.5170632059601057,0.7606974693877552,0
within,2,4,word_index,0,L2,1064,532,476,0.6728333992876929,0.8471755045508509,0
within,2,4,word_index,1,L2,1064,532,476,0.6782746339533043,0.843910763751484,0
within,2,4,word_length,0,L2,1750,875,476,0.5520203128428576,0.7528751020408163,0
within,2,4,word_length,1,L2,1750,875,476,0.5197015767530798,0.7799549387755103,0
within,2,4,word_part_speech,0,L2,1048,524,476,0.5748645183847094,0.8189754384942602,0
within,2,4,word_part_speech,1,L2,1048,524,476,0.5446506613833693,0.8395344094167007,0
within,3,0,delta_volume,0,L2,1750,875,436,0.5236460717009916,0.7567960816326531,0
within,3,0,delta_volume,1,L2,1750,875,436,0.5334994723258415,0.7629871020408163,0
within,3,0,face_num,0,L2,1750,875,436,0.49960293825689894,0.7789596734693878,0
within,3,0,face_num,1,L2,1750,875,436,0.5351295152712036,0.7853074285714285,0
within,3,0,frame_brightness,0,L2,1750,875,436,0.5202292509116747,0.8481684897959184,0
within,3,0,frame_brightness,1,L2,1750,875,436,0.45311014283773754,0.848765387755102,0
within,3,0,global_flow,0,L2,1750,875,436,0.618188562532,0.8591738775510204,0
within,3,0,global_flow,1,L2,1750,875,436,0.6222532209021661,0.852414693877551,0
within,3,0,gpt2_surprisal,0,L2,1750,875,436,0.5482221038002988,0.7636728163265307,0
within,3,0,gpt2_surprisal,1,L2,1750,875,436,0.5693029476609928,0.7725766530612245,0
within,3,0,local_flow,0,L2,1750,875,436,0.57942279761345,0.8064522448979592,0
within,3,0,local_flow,1,L2,1750,875,436,0.5710583785252291,0.8270236734693877,0
within,3,0,onset,0,L2,1750,875,436,0.8091125670041692,0.9838236734693878,0
within,3,0,onset,1,L2,1750,875,436,0.8072892176838762,0.9666977959183674,0
within,3,0,pitch,0,L2,1750,875,436,0.5650763298956145,0.7960424489795919,0
within,3,0,pitch,1,L2,1750,875,436,0.5586501990533213,0.7808339591836735,0
within,3,0,speech,0,L2,1750,875,436,0.8610283899146316,0.9900669387755101,0
within,3,0,speech,1,L2,1750,875,436,0.8503651923137205,0.9698559999999998,0
within,3,0,volume,0,L2,1750,875,436,0.6954013980752953,0.894653387755102,0
within,3,0,volume,1,L2,1750,875,436,0.6930503745964076,0.8936581224489796,0
within,3,0,word_gap,0,L2,1750,875,436,0.5204434552730843,0.7520339591836736,0
within,3,0,word_gap,1,L2,1750,875,436,0.4923879084250232,0.7380493061224491,0
within,3,0,word_head_pos,0,L2,1750,875,436,0.47543964139055195,0.753148081632653,0
within,3,0,word_head_pos,1,L2,1750,875,436,0.5197642707125169,0.7393854693877551,0
within,3,0,word_index,0,L2,1455,728,436,0.5363180775268688,0.7627102952068564,0
within,3,0,word_index,1,L2,1455,728,436,0.566802016664654,0.7504931450942454,0
within,3,0,word_length,0,L2,1750,875,436,0.5196388827936429,0.7327046530612245,0
within,3,0,word_length,1,L2,1750,875,436,0.5120738116882438,0.7368594285714286,0
within,3,0,word_part_speech,0,L2,1562,781,436,0.4671978490392813,0.7478953572441518,0
within,3,0,word_part_speech,1,L2,1562,781,436,0.4887861499114696,0.7659112631791214,0
within,3,1,delta_volume,0,L2,1750,875,436,0.697736748064324,0.8458357551020408,0
within,3,1,delta_volume,1,L2,1750,875,436,0.6675078106224466,0.827456,0
within,3,1,face_num,0,L2,1750,875,436,0.5090331546555489,0.7921893877551021,0
within,3,1,face_num,1,L2,1750,875,436,0.4972728127644901,0.7984953469387756,0
within,3,1,frame_brightness,0,L2,1750,875,436,0.5208770884925238,0.8537482448979592,0
within,3,1,frame_brightness,1,L2,1750,875,436,0.49133256010783355,0.8712698775510204,0
within,3,1,global_flow,0,L2,1750,875,436,0.5498312487591821,0.8681952653061225,0
within,3,1,global_flow,1,L2,1750,875,436,0.5998087834237171,0.8693995102040817,0
within,3,1,gpt2_surprisal,0,L2,1750,875,436,0.5714188687919919,0.7740904489795919,0
within,3,1,gpt2_surprisal,1,L2,1750,875,436,0.5651129013719528,0.7658109387755102,0
within,3,1,local_flow,0,L2,1750,875,436,0.6881288987806025,0.8911660408163266,0
within,3,1,local_flow,1,L2,1750,875,436,0.658276125095347,0.9111510204081632,0
within,3,1,onset,0,L2,1122,561,436,0.7884722928317234,0.9824447685410252,0
within,3,1,onset,1,L2,1122,561,436,0.8742628368073209,0.9556972683742109,0
within,3,1,pitch,0,L2,1750,875,436,0.5945477153276282,0.7795265306122449,0
within,3,1,pitch,1,L2,1750,875,436,0.5308140810632895,0.8034403265306123,0
within,3,1,speech,0,L2,1750,875,436,0.794405609019571,0.9849338775510204,0
within,3,1,speech,1,L2,1750,875,436,0.9108073937076162,0.9636963265306123,0
within,3,1,volume,0,L2,1750,875,436,0.6958089088116359,0.8789276734693876,0
within,3,1,volume,1,L2,1750,875,436,0.6431512073811687,0.8652199183673469,0
within,3,1,word_gap,0,L2,1603,802,436,0.5214955130876051,0.7690340316499638,0
within,3,1,word_gap,1,L2,1603,802,436,0.5485289270589113,0.7793733518886927,0
within,3,1,word_head_pos,0,L2,1750,875,436,0.549914840705098,0.7580238367346939,0
within,3,1,word_head_pos,1,L2,1750,875,436,0.5712621338933994,0.7418083265306122,0
within,3,1,word_index,0,L2,838,419,436,0.6458646616541353,0.8481724300955222,0
within,3,1,word_index,1,L2,838,419,436,0.6730918204602415,0.8351399228758096,0
within,3,1,word_length,0,L2,1750,875,436,0.5546482346425923,0.7696953469387755,0
within,3,1,word_length,1,L2,1750,875,436,0.5570201561079591,0.7695451428571429,0
within,3,1,word_part_speech,0,L2,1086,543,436,0.5511721293683525,0.7887596702040705,0
within,3,1,word_part_speech,1,L2,1086,543,436,0.5862003472975905,0.7870604953722076,0
within,4,0,delta_volume,0,L2,1679,840,480,0.48035147392290245,0.790159770702083,0
within,4,0,delta_volume,1,L2,1679,840,480,0.4701643990929705,0.762197059992054,0
within,4,0,face_num,0,L2,1413,707,480,0.4732718746498935,0.8471557192141714,0
within,4,0,face_num,1,L2,1413,707,480,0.46936668747299176,0.8184083887951725,0
within,4,0,frame_brightness,0,L2,1679,840,480,0.7174206349206349,0.9220713434360632,0
within,4,0,frame_brightness,1,L2,1679,840,480,0.3412358276643991,0.9161288949429593,0
within,4,0,global_flow,0,L2,1679,840,480,0.7423129251700681,0.8597409047051479,0
within,4,0,global_flow,1,L2,1679,840,480,0.517766439909297,0.9023823713037062,0
within,4,0,gpt2_surprisal,0,L2,1679,840,480,0.5052210884353742,0.7583986037800101,0
within,4,0,gpt2_surprisal,1,L2,1679,840,480,0.5522959183673468,0.7740635109824621,0
within,4,0,local_flow,0,L2,1679,840,480,0.6375907029478458,0.8445428230887111,0
within,4,0,local_flow,1,L2,1679,840,480,0.5714625850340136,0.8629192916737612,0
within,4,0,onset,0,L2,1056,528,480,0.7638888888888888,0.9397167699724518,0
within,4,0,onset,1,L2,1056,528,480,0.7193669651056014,0.9132805325987144,0
within,4,0,pitch,0,L2,1679,840,480,0.48700113378684806,0.8258272319654918,0
within,4,0,pitch,1,L2,1679,840,480,0.48585034013605444,0.8419504512174356,0
within,4,0,speech,0,L2,1750,875,480,0.7834341661180946,0.9354540408163265,0
within,4,0,speech,1,L2,1750,875,480,0.7773006070865073,0.9179598367346938,0
within,4,0,volume,0,L2,1679,840,480,0.5837244897959184,0.8753235143878767,0
within,4,0,volume,1,L2,1679,840,480,0.6245238095238095,0.8749318917078155,0
within,4,0,word_gap,0,L2,1417,709,480,0.6209039548022599,0.8162905500705219,0
within,4,0,word_gap,1,L2,1417,709,480,0.49998408530277705,0.8114217526077152,0
within,4,0,word_head_pos,0,L2,1750,875,480,0.49483297284306654,0.7471177142857144,0
within,4,0,word_head_pos,1,L2,1750,875,480,0.5237819086131051,0.7378181224489796,0
within,4,0,word_index,0,L2,755,378,480,0.4813695025335237,0.8274248101834308,0
within,4,0,word_index,1,L2,755,378,480,0.5463732818230174,0.843038187865774,0
within,4,0,word_length,0,L2,1678,839,480,0.5705705193772019,0.7945934273874482,0
within,4,0,word_length,1,L2,1678,839,480,0.5798670303443574,0.8090808485611312,0
within,4,0,word_part_speech,0,L2,971,486,480,0.5839387627224847,0.8290271944338381,0
within,4,0,word_part_speech,1,L2,971,486,480,0.5233788887195381,0.8295278095965382,0
within,4,1,delta_volume,0,L2,1750,875,480,0.4775503380249313,0.7789466122448979,0
within,4,1,delta_volume,1,L2,1750,875,480,0.5054021295048222,0.7747147755102042,0
within,4,1,face_num,0,L2,1750,875,480,0.5122984650428931,0.7708773877551021,0
within,4,1,face_num,1,L2,1750,875,480,0.5161959395212271,0.8045113469387755,0
within,4,1,frame_brightness,0,L2,1750,875,480,0.5529398242479338,0.8809325714285714,0
within,4,1,frame_brightness,1,L2,1750,875,480,0.4723780863713781,0.8977358367346939,0
within,4,1,global_flow,0,L2,1750,875,480,0.600691723352455,0.8648633469387754,0
within,4,1,global_flow,1,L2,1750,875,480,0.5561633386623199,0.8511686530612246,0
within,4,1,gpt2_surprisal,0,L2,1750,875,480,0.4605916219972206,0.764736,0
within,4,1,gpt2_surprisal,1,L2,1750,875,480,0.4817821802869294,0.7588114285714285,0
within,4,1,local_flow,0,L2,1750,875,480,0.5739214026728525,0.8509949387755102,0
within,4,1,local_flow,1,L2,1750,875,480,0.5429871581873087,0.8530912653061224,0
within,4,1,onset,0,L2,1449,725,480,0.7163828135701567,0.9176166888931225,0
within,4,1,onset,1,L2,1449,725,480,0.7216641553658129,0.9146046866069728,0
within,4,1,pitch,0,L2,1750,875,480,0.574851363071168,0.7969632653061225,0
within,4,1,pitch,1,L2,1750,875,480,0.5136620586606481,0.813686857142857,0
within,4,1,speech,0,L2,1750,875,480,0.7707804353050582,0.8986605714285714,0
within,4,1,speech,1,L2,1750,875,480,0.7139744835585091,0.9208058775510204,0
within,4,1,volume,0,L2,1750,875,480,0.5403905833672925,0.8602971428571429,0
within,4,1,volume,1,L2,1750,875,480,0.6006447028828772,0.8607686530612245,0
within,4,1,word_gap,0,L2,1486,743,480,0.47666869547575574,0.7888575108369003,0
within,4,1,word_gap,1,L2,1486,743,480,0.4692997710344028,0.787674644823195,0
within,4,1,word_head_pos,0,L2,1750,875,480,0.5413362172554674,0.7343177142857142,0
within,4,1,word_head_pos,1,L2,1750,875,480,0.5530704366634275,0.7550798367346939,0
within,4,1,word_index,0,L2,1039,520,480,0.5006065088757397,0.7761449533125833,0
within,4,1,word_index,1,L2,1039,520,480,0.5119230769230769,0.7636579220394248,0
within,4,1,word_length,0,L2,1750,875,480,0.5160810005955927,0.770624,0
within,4,1,word_length,1,L2,1750,875,480,0.513682956647127,0.7578671020408163,0
within,4,1,word_part_speech,0,L2,1135,568,480,0.49898333663955563,0.8141472290533324,0
within,4,1,word_part_speech,1,L2,1135,568,480,0.48579150962110695,0.813541744292918,0
within,7,0,delta_volume,0,L2,1750,875,476,0.49130121312811514,0.7553110204081632,0
within,7,0,delta_volume,1,L2,1750,875,476,0.5100101355234423,0.7699761632653062,0
within,7,0,face_num,0,L2,1750,875,476,0.4036550578351775,0.797497469387755,0
within,7,0,face_num,1,L2,1750,875,476,0.46696550787331637,0.8198517551020408,0
within,7,0,frame_brightness,0,L2,1750,875,476,0.4033259145481333,0.8762448979591837,0
within,7,0,frame_brightness,1,L2,1750,875,476,0.32433675015412267,0.9517152653061225,0
within,7,0,global_flow,0,L2,1750,875,476,0.4318568905885918,0.8350576326530612,0
within,7,0,global_flow,1,L2,1750,875,476,0.5068127435921549,0.8339474285714286,0
within,7,0,gpt2_surprisal,0,L2,1750,875,476,0.5035787801845293,0.758976,0
within,7,0,gpt2_surprisal,1,L2,1750,875,476,0.527893587452849,0.7612969795918367,0
within,7,0,local_flow,0,L2,1750,875,476,0.4581831290555155,0.8122814693877551,0
within,7,0,local_flow,1,L2,1750,875,476,0.4982550181290033,0.8252382040816326,0
within,7,0,onset,0,L2,1750,875,476,0.5921757938622614,0.8814458775510203,0
within,7,0,onset,1,L2,1750,875,476,0.6994085869826443,0.901761306122449,0
within,7,0,pitch,0,L2,1750,875,476,0.4822053645131292,0.806201469387755,0
within,7,0,pitch,1,L2,1750,875,476,0.5088189502941391,0.7963937959183673,0
within,7,0,speech,0,L2,1750,875,476,0.585561581141657,0.8917825306122449,0
within,7,0,speech,1,L2,1750,875,476,0.677199251852084,0.8797570612244898,0
within,7,0,volume,0,L2,1750,875,476,0.4833077332998965,0.9098448979591837,0
within,7,0,volume,1,L2,1750,875,476,0.5247536649843787,0.8803657142857142,0
within,7,0,word_gap,0,L2,1750,875,476,0.5249103998829712,0.7357361632653061,0
within,7,0,word_gap,1,L2,1750,875,476,0.5036832701169243,0.7457802448979591,0
within,7,0,word_head_pos,0,L2,1750,875,476,0.4937985225123559,0.7758354285714286,0
within,7,0,word_head_pos,1,L2,1750,875,476,0.5014315120738118,0.7484055510204082,0
within,7,0,word_index,0,L2,1455,728,476,0.4751086825262649,0.7227957736898589,0
within,7,0,word_index,1,L2,1455,728,476,0.4972225576621181,0.7335108151820671,0
within,7,0,word_length,0,L2,1750,875,476,0.4651996280158407,0.7386031020408164,0
within,7,0,word_length,1,L2,1750,875,476,0.49478595237348877,0.773438693877551,0
within,7,0,word_part_speech,0,L2,1562,781,476,0.5211489277985442,0.753697367536613,0
within,7,0,word_part_speech,1,L2,1562,781,476,0.5263427109974425,0.7440131418238216,0
within,7,1,delta_volume,0,L2,1750,875,476,0.5287347314086288,0.776062693877551,0
within,7,1,delta_volume,1,L2,1750,875,476,0.5743707093821511,0.7859631020408164,0
within,7,1,face_num,0,L2,1750,875,476,0.537637273648684,0.7943836734693878,0
within,7,1,face_num,1,L2,1750,875,476,0.5640053080885656,0.7934393469387755,0
within,7,1,frame_brightness,0,L2,1750,875,476,0.5506044742589051,0.8639582040816327,0
within,7,1,frame_brightness,1,L2,1750,875,476,0.4493537297681368,0.9030151836734693,0
within,7,1,global_flow,0,L2,1750,875,476,0.530761836097092,0.846147918367347,0
within,7,1,global_flow,1,L2,1750,875,476,0.5977869032318736,0.8481293061224489,0
within,7,1,gpt2_surprisal,0,L2,1750,875,476,0.5056058848729925,0.7679843265306122,0
within,7,1,gpt2_surprisal,1,L2,1750,875,476,0.5115513620262688,0.771715918367347,0
within,7,1,local_flow,0,L2,1750,875,476,0.5234684388159201,0.8534674285714284,0
within,7,1,local_flow,1,L2,1750,875,476,0.5611004879679843,0.8402899591836734,0
within,7,1,onset,0,L2,1449,725,476,0.6286775337503615,0.8543436845113355,0
within,7,1,onset,1,L2,1449,725,476,0.5872486796645511,0.860746808915984,0
within,7,1,pitch,0,L2,1750,875,476,0.4895980272300764,0.8013675102040816,0
within,7,1,pitch,1,L2,1750,875,476,0.5304483662999071,0.7868264489795919,0
within,7,1,speech,0,L2,1554,777,476,0.6166485569660509,0.8799709803570808,0
within,7,1,speech,1,L2,1554,777,476,0.6237047147059603,0.8716029874331033,0
within,7,1,volume,0,L2,1750,875,476,0.5526994974034252,0.833532081632653,0
within,7,1,volume,1,L2,1750,875,476,0.6136484749694366,0.8322899591836734,0
within,7,1,word_gap,0,L2,1486,743,476,0.47374141379010515,0.7728788567681492,0
within,7,1,word_gap,1,L2,1486,743,476,0.4786902588180738,0.8101472876501905,0
within,7,1,word_head_pos,0,L2,1750,875,476,0.5253910535719883,0.7260264489795918,0
within,7,1,word_head_pos,1,L2,1750,875,476,0.505553639906795,0.7341609795918367,0
within,7,1,word_index,0,L2,1039,520,476,0.4789792899408284,0.7713687564843634,0
within,7,1,word_index,1,L2,1039,520,476,0.5008284023668639,0.7694864384170742,0
within,7,1,word_length,0,L2,1750,875,476,0.5170684304567255,0.764924081632653,0
within,7,1,word_length,1,L2,1750,875,476,0.4909146003782536,0.7526217142857143,0
within,7,1,word_part_speech,0,L2,1135,568,476,0.503893076770482,0.7910673920063591,0
within,7,1,word_part_speech,1,L2,1135,568,476,0.50278962507439,0.789738430583501,0
within,10,0,delta_volume,0,L2,1750,875,480,0.576256752661881,0.7742053877551021,0
within,10,0,delta_volume,1,L2,1750,875,480,0.5332486964880934,0.7941315918367347,0
within,10,0,face_num,0,L2,1750,875,480,0.5105639321651358,0.818301387755102,0
within,10,0,face_num,1,L2,1750,875,480,0.5270210965173505,0.8018455510204081,0
within,10,0,frame_brightness,0,L2,1750,875,480,0.5967158814248247,0.9314690612244898,0
within,10,0,frame_brightness,1,L2,1750,875,480,0.5277420770508761,0.8974824489795918,0
within,10,0,global_flow,0,L2,1750,875,480,0.5047438429307336,0.8441116734693879,0
within,10,0,global_flow,1,L2,1750,875,480,0.5716278486567818,0.8548662857142857,0
within,10,0,gpt2_surprisal,0,L2,1750,875,480,0.5118857298099329,0.7669185306122449,0
within,10,0,gpt2_surprisal,1,L2,1750,875,480,0.5079725818417395,0.7663137959183673,0
within,10,0,local_flow,0,L2,1750,875,480,0.5658861268716759,0.8410644897959183,0
within,10,0,local_flow,1,L2,1750,875,480,0.5385829075368589,0.8609854693877551,0
within,10,0,onset,0,L2,1657,829,480,0.6982364239566963,0.9657450627320034,0
within,10,0,onset,1,L2,1657,829,480,0.8380536639310867,0.9376846558626597,0
within,10,0,pitch,0,L2,1750,875,480,0.5767060593711795,0.8101707755102041,0
within,10,0,pitch,1,L2,1750,875,480,0.5175281861592635,0.8341629387755103,0
within,10,0,speech,0,L2,1750,875,480,0.7152701587202073,0.9602011428571429,0
within,10,0,speech,1,L2,1750,875,480,0.814603512951527,0.9326354285714286,0
within,10,0,volume,0,L2,1750,875,480,0.5172094918654587,0.9056822857142857,0
within,10,0,volume,1,L2,1750,875,480,0.6246355913607724,0.9101701224489797,0
within,10,0,word_gap,0,L2,1750,875,480,0.5220891717083059,0.7478831020408163,0
within,10,0,word_gap,1,L2,1750,875,480,0.543316301474353,0.777081469387755,0
within,10,0,word_head_pos,0,L2,1750,875,480,0.5141427123496651,0.7445459591836735,0
within,10,0,word_head_pos,1,L2,1750,875,480,0.536963313584736,0.746626612244898,0
within,10,0,word_index,0,L2,1189,595,480,0.5555442568865387,0.7736524912995502,0
within,10,0,word_index,1,L2,1189,595,480,0.553917248548121,0.7582180346886229,0
within,10,0,word_length,0,L2,1750,875,480,0.5214256606375975,0.7706945306122449,0
within,10,0,word_length,1,L2,1750,875,480,0.5053185375589062,0.7692368979591837,0
within,10,0,word_part_speech,0,L2,1293,647,480,0.5398272369376601,0.7846096056579307,0
within,10,0,word_part_speech,1,L2,1293,647,480,0.5530042426327255,0.7943234073911025,0
within,10,1,delta_volume,0,L2,1750,875,480,0.6179743581705903,0.8275422040816327,0
within,10,1,delta_volume,1,L2,1750,875,480,0.5609437530693917,0.8382942040816327,0
within,10,1,face_num,0,L2,1750,875,480,0.5010605728138093,0.8341982040816327,0
within,10,1,face_num,1,L2,1750,875,480,0.5393091125670042,0.8262713469387757,0
within,10,1,frame_brightness,0,L2,1750,875,480,0.4478334012517894,0.9053675102040817,0
within,10,1,frame_brightness,1,L2,1750,875,480,0.49960293825689894,0.8887954285714285,0
within,10,1,global_flow,0,L2,1750,875,480,0.5480340219219878,0.8585038367346938,0
within,10,1,global_flow,1,L2,1750,875,480,0.549099819232417,0.867509551020408,0
within,10,1,gpt2_surprisal,0,L2,1750,875,480,0.5259082787373437,0.7708421224489795,0
within,10,1,gpt2_surprisal,1,L2,1750,875,480,0.5110289123642937,0.7727908571428572,0
within,10,1,local_flow,0,L2,1750,875,480,0.5752693228007482,0.8538396734693878,0
within,10,1,local_flow,1,L2,1750,875,480,0.5670093936449223,0.8609332244897959,0
within,10,1,onset,0,L2,1750,875,480,0.8627368003092902,0.9534367346938775,0
within,10,1,onset,1,L2,1750,875,480,0.8612530432692811,0.9440574693877551,0
within,10,1,pitch,0,L2,1750,875,480,0.5489221863473455,0.8299924897959183,0
within,10,1,pitch,1,L2,1750,875,480,0.5462785910577517,0.8368770612244898,0
within,10,1,speech,0,L2,1750,875,480,0.8800978025767217,0.9733080816326529,0
within,10,1,speech,1,L2,1750,875,480,0.8986238675903576,0.9618063673469388,0
within,10,1,volume,0,L2,1750,875,480,0.6398545500141061,0.9154063673469388,0
within,10,1,volume,1,L2,1750,875,480,0.6722046330836025,0.9199777959183674,0
within,10,1,word_gap,0,L2,1750,875,480,0.4474885844748858,0.7879039999999999,0
within,10,1,word_gap,1,L2,1750,875,480,0.5195448418544872,0.8412081632653061,0
within,10,1,word_head_pos,0,L2,1750,875,480,0.5156891633491114,0.7547206530612245,0
within,10,1,word_head_pos,1,L2,1750,875,480,0.5071366623825795,0.7282533877551021,0
within,10,1,word_index,0,L2,1298,649,480,0.5276828110161444,0.7675005519929914,0
within,10,1,word_index,1,L2,1298,649,480,0.5531054131054132,0.7476857842217848,0
within,10,1,word_length,0,L2,1750,875,480,0.5276532606083404,0.7648248163265305,0
within,10,1,word_length,1,L2,1750,875,480,0.5084793580138554,0.7594318367346938,0
within,10,1,word_part_speech,0,L2,1390,695,480,0.5371161681407135,0.7979649086486207,0
within,10,1,word_part_speech,1,L2,1390,695,480,0.5131670476001193,0.7908141400548627,0
