electrode,mean_auroc
LT1bIb1,0.5321986541566507
LT1bIb10,0.5273157560339489
LT1bIb2,0.533693887580419
LT1bIb3,0.5448251426383579
LT1bIb4,0.5424062325081314
LT1bIb5,0.5612776877167505
LT1bIb6,0.5605510191756436
LT1bIb7,0.5143100944475544
LT1bIb8,0.5222410520827617
LT1bIb9,0.5299569004317887
LT1c2,0.5279067726561953
LT1c3,0.5307145736305443
LT1c4,0.5320260635773886
LT1c5,0.5407535920268649
LT1c6,0.5343948492126602
LT1c7,0.523050336129717
LT1c8,0.5266675645196781
LT2aA1,0.5056265037413492
LT2aA10,0.5070180889052159
LT2aA11,0.5138175284044818
LT2aA12,0.509554452084182
LT2aA13,0.5067175003299003
LT2aA14,0.5120131271989597
LT2aA2,0.5133791717232713
LT2aA4,0.5137582597179015
LT2aA5,0.5144279567475212
LT2aA6,0.5234153572501729
LT2aA7,0.5218680629217402
LT2aA8,0.5192096840140114
LT2aA9,0.5181314006059513
LT2b1,0.5174877307936956
LT2b2,0.5038950086880338
LT2b3,0.507114939024634
LT2b4,0.5060812513602018
LT2b5,0.5073669560715427
LT2b6,0.5159084775421264
LT3a1,0.5122038295128293
LT3a10,0.5175536636610437
LT3a2,0.510914546400635
LT3a3,0.5194178506666204
LT3a4,0.5146181534046688
LT3a5,0.5153375881570688
LT3a6,0.5141813680039605
LT3a7,0.5182847915912594
LT3a8,0.5190151811339844
LT3a9,0.5171556509973555
LT3bHa10,0.5043897429390257
LT3bHa11,0.5033375369402815
LT3bHa12,0.5049659103436979
LT3bHa14,0.5122636450429685
LT3bHa4,0.5025015904482356
LT3bHa5,0.5125034086837956
LT3bHa6,0.5179875689494486
LT3bHa7,0.511441159289373
LT3bHa8,0.5103653841982357
LT3bHa9,0.5118365821432096
LT3cHb10,0.5119674590538487
LT3cHb11,0.5149257033021687
LT3cHb12,0.5172629047730883
LT3cHb4,0.5080852640385639
LT3cHb5,0.5120721611495315
LT3cHb6,0.5107548405228204
LT3cHb7,0.5079200546495208
LT3cHb8,0.5119818349213633
LT3cHb9,0.510220945907198
LT3d1,0.5467435827488952
LT3d2,0.503786925042317
LT3d3,0.5534919972971013
LT3d4,0.5498782865152921
LT3d5,0.5490453445368116
LT3d6,0.5391556575947207
LT3d7,0.5345630275839004
LT3d8,0.5364162383258038
RT1aIa1,0.5232414898362844
RT1aIa2,0.5187844471131382
RT1aIa3,0.5175258302552683
RT1aIa4,0.5063011180312936
RT1aIa5,0.5518975242253666
RT1aIa6,0.5606874989409433
RT1aIa7,0.5399727526611783
RT1aIa8,0.5371576249429802
RT1bIb1,0.5205151892940078
RT1bIb2,0.5192178722385286
RT1bIb3,0.5114922040060029
RT1bIb4,0.5116507256032655
RT1bIb5,0.5188051630620747
RT1bIb6,0.5445191318140673
RT1bIb7,0.5515172550400703
RT1bIb8,0.5381947884647512
RT1c1,0.5189250743364272
RT1c10,0.5338614432116888
RT1c2,0.5361909287248305
RT1c3,0.5324146522093999
RT1c4,0.5329012891329208
RT1c5,0.5308717643068724
RT1c7,0.5249976399466044
RT1c8,0.5267728103263373
RT1c9,0.5403528451209728
RT2aA1,0.5178683118987738
RT2aA10,0.5196882360497358
RT2aA2,0.517072453042585
RT2aA3,0.5191670542980853
RT2aA4,0.520561473130345
RT2aA5,0.521158501934434
RT2aA6,0.5209116612008599
RT2aA7,0.5199188517103369
RT2aA8,0.5205754288543336
RT2aA9,0.5277826408107609
RT2b1,0.5252918296174094
RT2b2,0.5125512951007983
RT2b3,0.5104138558043475
RT2b4,0.5073662992457646
RT2b5,0.5057879476055807
RT2b8,0.5037213291785977
RT2c1,0.49952870051664405
RT2c2,0.5043392228845979
RT3aHa10,0.5085420107972686
RT3aHa11,0.5055705274087546
RT3aHa12,0.5070728250693148
RT3aHa13,0.5083752273272437
RT3aHa14,0.5092157235529249
RT3aHa4,0.505543879394765
RT3aHa5,0.5185786531411912
RT3aHa6,0.5163240130269403
RT3aHa7,0.5176575568259081
RT3aHa8,0.5134084077244664
RT3aHa9,0.5080928554918862
RT3bHb10,0.4986991555793315
RT3bHb11,0.4996789356092337
RT3bHb12,0.4934218716328557
RT3bHb4,0.5013015278388594
RT3bHb5,0.5053570831314369
RT3bHb6,0.5025858951458079
RT3bHb7,0.49942176917307446
RT3bHb8,0.49743506302970836
