session,n_available,circ_vs_cross_n_a,circ_vs_cross_n_b,circ_vs_cross_shared,circ_vs_cross_jaccard,circ_vs_shipped_n_a,circ_vs_shipped_n_b,circ_vs_shipped_shared,circ_vs_shipped_jaccard,cross_vs_shipped_n_a,cross_vs_shipped_n_b,cross_vs_shipped_shared,cross_vs_shipped_jaccard
s1_t1,129,120,120,116,0.9354838709677419,120,120,116,0.9354838709677419,120,120,116,0.9354838709677419
s1_t2,129,120,120,116,0.9354838709677419,120,120,116,0.9354838709677419,120,120,116,0.9354838709677419
s2_t0,135,120,120,107,0.8045112781954887,120,119,106,0.7969924812030075,120,119,114,0.912
s2_t4,135,120,120,107,0.8045112781954887,120,119,114,0.912,120,119,106,0.7969924812030075
s3_t0,112,109,109,109,1.0,109,109,109,1.0,109,109,109,1.0
s3_t1,112,109,109,109,1.0,109,109,109,1.0,109,109,109,1.0
s4_t0,183,120,120,85,0.5483870967741935,120,120,62,0.34831460674157305,120,120,58,0.31868131868131866
s4_t1,183,120,120,85,0.5483870967741935,120,120,58,0.31868131868131866,120,120,62,0.34831460674157305
s7_t0,238,120,120,62,0.34831460674157305,120,119,71,0.4226190476190476,120,119,105,0.7835820895522388
s7_t1,238,120,120,62,0.34831460674157305,120,119,105,0.7835820895522388,120,119,71,0.4226190476190476
s10_t0,205,120,120,88,0.5789473684210527,120,120,83,0.5286624203821656,120,120,91,0.610738255033557
s10_t1,205,120,120,88,0.5789473684210527,120,120,91,0.610738255033557,120,120,83,0.5286624203821656
